CNA,OverallAverageScore,CurrentRank,CalculatedRank,Difference,TotalCVEs,RecentCVEs,Percentile
mongodb,90.0,106,1,105,19,19,65.1
redhat,89.89,19,2,17,181,181,94.0
GitLab,89.15,34,3,31,94,94,89.0
ibm,88.01,16,4,12,346,346,95.0
palo_alto,87.8,226,5,221,41,41,25.2
trendmicro,86.88,21,6,15,40,40,93.4
fortinet,85.69,11,7,4,102,102,96.7
harborist,85.0,104,8,96,3,3,65.8
EEF,85.0,240,9,231,2,2,20.6
seal,85.0,297,10,287,1,1,1.7
Digi,85.0,147,11,136,1,1,51.5
JFROG,84.44,120,12,108,9,9,60.5
Crestron,83.75,220,13,207,4,4,27.2
Sonatype,83.75,255,14,241,4,4,15.6
Ping Identity,83.75,177,15,162,4,4,41.5
Checkmarx,83.33,113,16,97,3,3,62.8
sba-research,82.5,193,17,176,4,4,36.2
ConcreteCMS,82.5,134,18,116,2,2,55.8
HeroDevs,81.67,84,19,65,6,6,72.4
PSF,81.5,112,20,92,10,10,63.1
GovTech CSG,81.39,201,21,180,18,18,33.6
redhat-cnalr,81.25,42,22,20,4,4,86.4
eclipse,81.14,58,23,35,22,22,81.1
fedora,81.03,132,24,108,29,29,56.5
VulnCheck,80.83,48,25,23,138,138,84.4
samsung.tv_appliance,80.83,210,26,184,6,6,30.6
Checkmk,80.42,40,27,13,12,12,87.0
VulDB,80.25,25,28,-3,3120,3120,92.0
CERT-PL,80.23,54,29,25,66,66,82.4
Patchstack,80.0,131,30,101,3880,3880,56.8
GitHub_M,80.0,153,31,122,1289,1289,49.5
zdi,80.0,27,32,-5,277,277,91.4
siemens,80.0,7,33,-26,186,186,98.0
icscert,80.0,67,34,33,183,183,78.1
INCIBE,80.0,41,35,6,161,161,86.7
intel,80.0,12,36,-24,143,143,96.3
jpcert,80.0,155,37,118,125,125,48.8
sap,80.0,162,38,124,121,121,46.5
dell,80.0,176,39,137,108,108,41.9
Nozomi,80.0,206,40,166,68,68,31.9
CERTVDE,80.0,96,41,55,66,66,68.4
twcert,80.0,59,42,17,60,60,80.7
ABB,80.0,37,43,-6,60,60,88.0
OpenHarmony,80.0,158,44,114,53,53,47.8
nvidia,80.0,200,45,155,52,52,33.9
TR-CERT,80.0,30,46,-16,49,49,90.4
SICK AG,80.0,204,47,157,48,48,32.6
Mattermost,80.0,73,48,25,48,48,76.1
AMD,80.0,249,49,200,38,38,17.6
JetBrains,80.0,171,50,121,37,37,43.5
schneider,80.0,61,51,10,37,37,80.1
qnap,80.0,181,52,129,36,36,40.2
ivanti,80.0,101,53,48,35,35,66.8
3DS,80.0,111,54,57,33,33,63.5
f5,80.0,157,55,102,30,30,48.2
Esri,80.0,45,56,-11,28,28,85.4
autodesk,80.0,89,57,32,26,26,70.8
elastic,80.0,159,58,101,24,24,47.5
talos,80.0,165,59,106,23,23,45.5
CERT-In,80.0,90,60,30,23,23,70.4
lenovo,80.0,38,61,-23,21,21,87.7
Axis,80.0,180,62,118,20,20,40.5
SEL,80.0,198,63,135,19,19,34.6
snyk,80.0,92,64,28,19,19,69.8
Google,80.0,63,65,-2,19,19,79.4
OpenText,80.0,13,66,-53,18,18,96.0
Honeywell,80.0,32,67,-35,18,18,89.7
brocade,80.0,99,68,31,17,17,67.4
HITVAN,80.0,191,69,122,17,17,36.9
Zohocorp,80.0,141,70,71,16,16,53.5
bosch,80.0,187,71,116,16,16,38.2
AHA,80.0,65,72,-7,16,16,78.7
AMZN,80.0,33,73,-40,15,15,89.4
Acronis,80.0,178,74,104,15,15,41.2
ASRG,80.0,105,75,30,14,14,65.4
zte,80.0,196,76,120,14,14,35.2
INCD,80.0,199,77,122,14,14,34.2
Silabs,80.0,145,78,67,14,14,52.2
synology,80.0,229,79,150,13,13,24.3
DIVD,80.0,224,80,144,12,12,25.9
NI,80.0,23,81,-58,11,11,92.7
Zyxel,80.0,109,82,27,11,11,64.1
hp,80.0,87,83,4,11,11,71.4
Hitachi,80.0,79,84,-5,11,11,74.1
Canon,80.0,94,85,9,10,10,69.1
ASUS,80.0,44,86,-42,10,10,85.7
GRAFANA,80.0,47,87,-40,10,10,84.7
kubernetes,80.0,189,88,101,10,10,37.5
SolarWinds,80.0,216,89,127,10,10,28.6
cloudflare,80.0,107,90,17,10,10,64.8
ASR,80.0,276,91,185,10,10,8.6
Xerox,80.0,271,92,179,10,10,10.3
Mautic,80.0,6,93,-87,9,9,98.3
HashiCorp,80.0,143,94,49,9,9,52.8
BlackDuck,80.0,286,95,191,9,9,5.3
ZUSO ART,80.0,169,96,73,9,9,44.2
Sophos,80.0,116,97,19,9,9,61.8
NLOK,80.0,241,98,143,8,8,20.3
isc,80.0,166,99,67,8,8,45.2
Xiaomi,80.0,288,100,188,8,8,4.7
cirosec,80.0,49,101,-52,8,8,84.1
M-Files Corporation,80.0,75,102,-27,8,8,75.4
Gridware,80.0,68,103,-35,8,8,77.7
Fluid Attacks,80.0,203,104,99,8,8,32.9
Lexmark,80.0,267,105,162,7,7,11.6
Mitsubishi,80.0,130,106,24,7,7,57.1
Liferay,80.0,71,107,-36,7,7,76.7
OTRS,80.0,188,108,80,7,7,37.9
trellix,80.0,129,109,20,7,7,57.5
GitHub_P,80.0,117,110,7,7,7,61.5
Bitdefender,80.0,80,111,-31,7,7,73.8
Docker,80.0,115,112,3,7,7,62.1
WatchGuard,80.0,39,113,-74,7,7,87.4
ESET,80.0,93,114,-21,6,6,69.4
Pentraze,80.0,268,115,153,6,6,11.3
ONEKEY,80.0,228,116,112,6,6,24.6
yandex,80.0,296,117,179,6,6,2.0
NCSC-FI,80.0,227,118,109,6,6,24.9
Centreon,80.0,146,119,27,6,6,51.8
AMI,80.0,195,120,75,5,5,35.5
Zabbix,80.0,287,121,166,5,5,5.0
checkpoint,80.0,290,122,168,5,5,4.0
Gallagher,80.0,156,123,33,5,5,48.5
TPLink,80.0,100,124,-24,5,5,67.1
zephyr,80.0,56,125,-69,5,5,81.7
PandoraFMS,80.0,231,126,105,5,5,23.6
ASUSTOR1,80.0,126,127,-1,5,5,58.5
bizerba,80.0,69,128,-59,4,4,77.4
OX,80.0,182,129,53,4,4,39.9
Eaton,80.0,223,130,93,4,4,26.2
Document Fdn.,80.0,55,131,-76,4,4,82.1
ERIC,80.0,273,132,141,4,4,9.6
Fortra,80.0,136,133,3,4,4,55.1
PureStorage,80.0,97,134,-37,4,4,68.1
B.Braun,80.0,135,135,,3,3,55.5
Supermicro,80.0,291,136,155,3,3,3.7
Saviynt,80.0,139,137,2,3,3,54.2
avaya,80.0,263,138,125,3,3,13.0
BLSOPS,80.0,102,139,-37,3,3,66.4
ManageEngine,80.0,259,140,119,3,3,14.3
Moxa,80.0,247,141,106,3,3,18.3
HiddenLayer,80.0,277,142,135,3,3,8.3
FSI,80.0,123,143,-20,3,3,59.5
FSOFT,80.0,148,144,4,3,3,51.2
Philips,80.0,137,145,-8,3,3,54.8
RTI,80.0,269,146,123,3,3,11.0
Toreon,80.0,118,147,-29,3,3,61.1
BT,80.0,248,148,100,3,3,17.9
ConnectWise,80.0,127,149,-22,3,3,58.1
HYPR,80.0,77,150,-73,2,2,74.8
Pega,80.0,83,151,-68,2,2,72.8
jci,80.0,219,152,67,2,2,27.6
Baxter,80.0,14,153,-139,2,2,95.7
openjs,80.0,128,154,-26,2,2,57.8
ExtremeNetworks,80.0,103,155,-52,2,2,66.1
GandC,80.0,57,156,-99,2,2,81.4
Kaspersky,80.0,294,157,137,2,2,2.7
OpenNMS,80.0,212,158,54,2,2,29.9
Palantir,80.0,213,159,54,2,2,29.6
NLnet Labs,80.0,254,160,94,2,2,15.9
TianoCore,80.0,51,161,-110,2,2,83.4
forcepoint,80.0,85,162,-77,2,2,72.1
Vivo,80.0,280,163,117,2,2,7.3
upKeeper,80.0,230,164,66,2,2,23.9
SN,80.0,151,165,-14,2,2,50.2
Cato,80.0,125,166,-41,2,2,58.8
Delinea,80.0,121,167,-46,2,2,60.1
odoo,80.0,295,168,127,2,2,2.3
Proofpoint,80.0,250,169,81,2,2,17.3
netapp,80.0,217,170,47,2,2,28.2
OMRON,80.0,245,171,74,2,2,18.9
Kong,80.0,272,172,100,1,1,10.0
Edgewatch,80.0,239,173,66,1,1,20.9
Phoenix,80.0,298,174,124,1,1,1.3
Synaptics,80.0,289,175,114,1,1,4.3
WindRiver,80.0,218,176,42,1,1,27.9
Carrier,80.0,292,177,115,1,1,3.3
Milestone,80.0,262,178,84,1,1,13.3
Danfoss,80.0,194,179,15,1,1,35.9
arcinfo,80.0,237,180,57,1,1,21.6
Canon_EMEA,80.0,279,181,98,1,1,7.6
TML,80.0,82,182,-100,1,1,73.1
GE_Vernova,80.0,149,183,-34,1,1,50.8
Splunk,80.0,252,184,68,1,1,16.6
Profisee,80.0,122,185,-63,1,1,59.8
openEuler,80.0,172,186,-14,1,1,43.2
Hillstone,80.0,95,187,-92,1,1,68.8
blackberry,80.0,86,188,-102,1,1,71.8
Netskope,80.0,293,189,104,1,1,3.0
crafter,80.0,98,190,-92,1,1,67.8
EDB,80.0,81,191,-110,1,1,73.4
Zscaler,80.0,285,192,93,1,1,5.6
BECLS,80.0,253,193,60,1,1,16.3
Dremio,80.0,26,194,-168,1,1,91.7
Anolis,80.0,258,195,63,1,1,14.6
1E,80.0,256,196,60,1,1,15.3
ATIS,80.0,274,197,77,1,1,9.3
MIM,80.0,265,198,67,1,1,12.3
ca,80.0,234,199,35,1,1,22.6
N-able,80.0,283,200,83,1,1,6.3
MON-CSIRT,80.0,251,201,50,1,1,16.9
Forescout,80.0,242,202,40,1,1,19.9
YokogawaGroup,80.0,270,203,67,1,1,10.6
TXOne,80.0,299,204,95,1,1,1.0
CrowdStrike,80.0,266,205,61,1,1,12.0
SK-CERT,80.0,261,206,55,1,1,13.6
Panasonic_Holdings_Corporation,80.0,275,207,68,1,1,9.0
OPPO,80.0,207,208,-1,1,1,31.6
iManage,80.0,133,209,-76,1,1,56.1
Temporal,80.0,264,210,54,1,1,12.6
Wordfence,79.99,3,211,-208,1576,1576,99.3
adobe,79.97,174,212,-38,508,508,42.5
@huntr_ai,79.91,36,213,-177,340,340,88.4
microsoft,79.89,161,214,-53,556,556,46.8
qualcomm,79.82,173,215,-42,164,164,42.9
juniper,79.68,114,216,-102,47,47,62.5
Zoom,79.62,179,217,-38,39,39,40.9
HCL,79.43,10,218,-208,53,53,97.0
cisa-cg,79.25,144,219,-75,20,20,52.5
ProgressSoftware,79.21,22,220,-198,19,19,93.0
rapid7,79.17,4,221,-217,18,18,99.0
NCSC.ch,79.17,52,222,-170,18,18,83.1
ENISA,79.17,140,223,-83,18,18,53.8
tenable,79.17,46,224,-178,18,18,85.0
Hitachi Energy,79.06,88,225,-137,16,16,71.1
WSO2,79.06,78,226,-148,16,16,74.4
cisco,78.98,184,227,-43,147,147,39.2
suse,78.5,197,228,-31,20,20,34.9
php,78.5,8,229,-221,10,10,97.7
Citrix,78.5,119,230,-111,10,10,60.8
Perforce,78.12,53,231,-178,8,8,82.7
Deltaww,78.0,138,232,-94,15,15,54.5
Rockwell,77.69,66,233,-167,26,26,78.4
Arista,77.69,29,234,-205,13,13,90.7
TQtC,77.5,142,235,-93,6,6,53.2
huawei,77.29,167,236,-69,83,83,44.9
flexera,77.0,281,237,44,5,5,7.0
PostgreSQL,75.0,60,238,-178,6,6,80.4
wolfSSL,75.0,124,239,-115,3,3,59.1
KNIME,75.0,62,240,-178,3,3,79.7
canonical,73.26,20,241,-221,23,23,93.7
Mandiant,72.5,31,242,-211,4,4,90.0
tibco,72.5,24,243,-219,4,4,92.4
ClickHouse,72.5,257,244,13,2,2,15.0
Payara,72.5,260,245,15,2,2,14.0
TV,72.5,214,246,-32,2,2,29.2
Joomla,71.36,154,247,-93,33,33,49.2
vmware,70.59,192,248,-56,51,51,36.5
CSA,70.0,202,249,-47,12,12,33.2
openssl,70.0,238,250,-12,3,3,21.3
Absolute,68.75,205,251,-46,8,8,32.2
wikimedia-foundation,68.6,110,252,-142,50,50,63.8
oracle,68.55,152,253,-101,234,234,49.8
symantec,68.46,150,254,-104,13,13,50.5
apache,67.66,9,255,-246,122,122,97.3
SEC-VLab,67.0,72,256,-184,15,15,76.4
CPANSec,66.67,17,257,-240,36,36,94.7
SamsungMobile,65.0,175,258,-83,128,128,42.2
MediaTek,65.0,185,259,-74,66,66,38.9
imaginationtech,65.0,163,260,-97,23,23,46.2
DEVOLUTIONS,65.0,28,261,-233,21,21,91.0
sonicwall,65.0,91,262,-171,12,12,70.1
Arm,65.0,246,263,-17,10,10,18.6
TECNOMobile,65.0,50,264,-214,7,7,83.7
Salesforce,65.0,215,265,-50,7,7,28.9
Octopus,65.0,243,266,-23,6,6,19.6
OpenVPN,65.0,76,267,-191,5,5,75.1
Unisoc,65.0,170,268,-98,5,5,43.9
KoreLogic,65.0,278,269,9,5,5,8.0
Omnissa,65.0,164,270,-106,4,4,45.8
naver,65.0,211,271,-60,3,3,30.2
Honor,65.0,64,272,-208,3,3,79.1
freebsd,65.0,244,273,-29,3,3,19.3
NEC,65.0,282,274,8,1,1,6.6
tlt_net,65.0,236,275,-39,1,1,21.9
hikvision,65.0,225,276,-51,1,1,25.6
Insyde,65.0,235,277,-42,1,1,22.3
hackerone,63.5,190,278,-88,40,40,37.2
drupal,63.21,108,279,-171,92,92,64.5
hpe,61.94,160,280,-120,49,49,47.2
atlassian,61.25,222,281,-59,4,4,26.6
Chrome,59.69,70,282,-212,65,65,77.1
glibc,57.5,233,283,-50,4,4,22.9
facebook,56.0,183,284,-101,5,5,39.5
mitre,55.7,1,285,-284,2466,2466,100.0
Go,51.0,221,286,-65,15,15,26.9
mozilla,50.63,35,287,-252,95,95,88.7
Linux,50.0,5,288,-283,2635,2635,98.7
WPScan,50.0,18,289,-271,465,465,94.4
apple,50.0,15,290,-275,360,360,95.3
jenkins,50.0,168,291,-123,62,62,44.5
google_android,50.0,284,292,-8,40,40,6.0
certcc,50.0,43,293,-250,16,16,86.0
ChromeOS,50.0,74,294,-220,12,12,75.7
Nokia,50.0,186,295,-109,11,11,38.5
Google_Devices,50.0,208,296,-88,10,10,31.2
debian,50.0,2,297,-295,8,8,99.7
curl,50.0,232,298,-66,6,6,23.3
XEN,50.0,209,299,-90,3,3,30.9
Opera,50.0,301,300,1,1,1,0.3
Replicated,50.0,300,301,-1,1,1,0.7
